X,CH1,CH2,CH3,CH4,Start,Increment,
Sequence,Volt,Volt,Volt,Volt,-1.200000e-01,2.000000e-04
0,9.40e-01,8.00e-01,2.72e+00,3.92e-01,
1,1.02e+00,6.00e-01,3.12e+00,4.48e-01,
2,1.00e+00,8.00e-01,3.04e+00,4.32e-01,
3,9.40e-01,4.00e-01,3.28e+00,4.64e-01,
4,1.02e+00,8.00e-01,3.20e+00,4.56e-01,
5,9.40e-01,4.00e-01,3.36e+00,4.88e-01,
6,9.40e-01,8.00e-01,3.28e+00,4.72e-01,
7,9.80e-01,4.00e-01,3.52e+00,4.96e-01,
8,9.40e-01,8.00e-01,3.52e+00,4.96e-01,
9,9.80e-01,4.00e-01,3.44e+00,4.88e-01,
10,9.40e-01,4.00e-01,3.52e+00,4.96e-01,
11,9.80e-01,8.00e-01,3.28e+00,4.80e-01,
12,9.40e-01,8.00e-01,3.36e+00,4.96e-01,
13,9.80e-01,4.00e-01,3.20e+00,4.72e-01,
14,9.40e-01,8.00e-01,3.36e+00,4.80e-01,
15,9.80e-01,4.00e-01,3.04e+00,4.48e-01,
16,9.80e-01,8.00e-01,3.12e+00,4.56e-01,
17,9.40e-01,4.00e-01,2.96e+00,4.24e-01,
18,9.80e-01,8.00e-01,3.04e+00,4.24e-01,
19,9.00e-01,6.00e-01,1.20e+00,1.68e-01,
20,9.80e-01,8.00e-01,2.72e+00,3.84e-01,
21,9.00e-01,4.00e-01,3.04e+00,4.24e-01,
22,9.00e-01,6.00e-01,2.96e+00,4.24e-01,
23,9.80e-01,8.00e-01,3.20e+00,4.56e-01,
24,9.00e-01,8.00e-01,3.04e+00,4.48e-01,
25,9.80e-01,4.00e-01,3.36e+00,4.80e-01,
26,9.00e-01,8.00e-01,3.20e+00,4.72e-01,
27,9.80e-01,4.00e-01,3.52e+00,4.88e-01,
28,9.00e-01,8.00e-01,3.52e+00,4.96e-01,
29,9.80e-01,4.00e-01,3.20e+00,4.64e-01,
30,9.00e-01,8.00e-01,3.28e+00,4.88e-01,
31,9.80e-01,4.00e-01,3.44e+00,4.72e-01,
32,9.00e-01,8.00e-01,3.36e+00,4.88e-01,
33,9.60e-01,4.00e-01,3.20e+00,4.56e-01,
34,9.60e-01,8.00e-01,3.28e+00,4.64e-01,
35,9.00e-01,4.00e-01,3.04e+00,4.40e-01,
36,9.00e-01,8.00e-01,3.12e+00,4.48e-01,
37,9.60e-01,4.00e-01,1.76e+00,2.48e-01,
38,9.00e-01,8.00e-01,1.60e+00,2.24e-01,
39,9.60e-01,4.00e-01,3.04e+00,4.32e-01,
40,9.00e-01,8.00e-01,2.96e+00,4.24e-01,
41,9.60e-01,4.00e-01,3.12e+00,4.56e-01,
42,9.00e-01,8.00e-01,3.04e+00,4.40e-01,
43,9.60e-01,4.00e-01,3.36e+00,4.80e-01,
44,9.60e-01,8.00e-01,3.36e+00,4.64e-01,
45,9.00e-01,4.00e-01,3.20e+00,4.88e-01,
46,9.00e-01,8.00e-01,3.28e+00,4.80e-01,
47,9.60e-01,4.00e-01,3.52e+00,4.96e-01,
48,9.60e-01,6.00e-01,3.52e+00,4.96e-01,
49,9.00e-01,8.00e-01,3.20e+00,4.72e-01,
50,8.80e-01,8.00e-01,3.52e+00,4.96e-01,
51,9.60e-01,4.00e-01,3.20e+00,4.72e-01,
52,8.80e-01,8.00e-01,3.36e+00,4.80e-01,
53,9.60e-01,4.00e-01,3.04e+00,4.48e-01,
54,9.60e-01,8.00e-01,3.28e+00,4.64e-01,
55,8.80e-01,4.00e-01,2.96e+00,4.32e-01,
56,9.60e-01,8.00e-01,3.12e+00,4.40e-01,
57,8.80e-01,4.00e-01,1.36e+00,2.00e-01,
58,9.60e-01,8.00e-01,2.48e+00,3.52e-01,
59,8.80e-01,4.00e-01,2.88e+00,4.16e-01,
60,8.80e-01,8.00e-01,2.72e+00,4.00e-01,
61,9.60e-01,4.00e-01,3.12e+00,4.40e-01,
62,8.80e-01,4.00e-01,3.28e+00,4.32e-01,
63,9.60e-01,8.00e-01,2.88e+00,4.64e-01,
64,9.60e-01,8.00e-01,3.12e+00,4.48e-01,
65,8.80e-01,4.00e-01,3.36e+00,4.80e-01,
66,8.80e-01,8.00e-01,3.20e+00,4.72e-01,
67,9.40e-01,4.00e-01,3.36e+00,4.88e-01,
68,8.80e-01,8.00e-01,3.36e+00,4.72e-01,
69,9.60e-01,4.00e-01,3.28e+00,4.88e-01,
70,8.80e-01,8.00e-01,3.36e+00,4.80e-01,
71,9.60e-01,4.00e-01,3.20e+00,4.56e-01,
72,8.80e-01,8.00e-01,3.28e+00,4.64e-01,
73,9.60e-01,4.00e-01,3.04e+00,4.40e-01,
74,9.60e-01,6.00e-01,3.12e+00,4.48e-01,
75,8.80e-01,8.00e-01,2.96e+00,4.24e-01,
76,9.60e-01,8.00e-01,3.04e+00,4.32e-01,
77,8.80e-01,6.00e-01,1.36e+00,2.00e-01,
78,8.80e-01,6.00e-01,2.48e+00,3.60e-01,
79,9.60e-01,8.00e-01,3.04e+00,4.24e-01,
80,9.00e-01,8.00e-01,2.96e+00,4.24e-01,
81,9.60e-01,4.00e-01,3.12e+00,4.48e-01,
82,8.80e-01,8.00e-01,3.04e+00,4.40e-01,
83,9.60e-01,6.00e-01,3.28e+00,4.64e-01,
84,8.80e-01,8.00e-01,3.20e+00,4.56e-01,
85,9.60e-01,6.00e-01,3.36e+00,4.88e-01,
86,9.60e-01,8.00e-01,3.36e+00,4.72e-01,
87,8.80e-01,4.00e-01,3.28e+00,4.88e-01,
88,8.80e-01,8.00e-01,3.28e+00,4.88e-01,
89,9.60e-01,4.00e-01,3.36e+00,4.72e-01,
90,8.80e-01,8.00e-01,3.36e+00,4.80e-01,
91,9.60e-01,4.00e-01,3.20e+00,4.56e-01,
92,8.80e-01,8.00e-01,3.28e+00,4.64e-01,
93,9.60e-01,4.00e-01,3.04e+00,4.40e-01,
94,9.60e-01,8.00e-01,3.12e+00,4.48e-01,
95,8.80e-01,4.00e-01,2.80e+00,4.24e-01,
96,8.80e-01,8.00e-01,3.04e+00,4.24e-01,
97,9.60e-01,4.00e-01,1.36e+00,2.00e-01,
98,9.60e-01,8.00e-01,2.48e+00,3.52e-01,
99,9.00e-01,4.00e-01,2.88e+00,4.08e-01,
100,9.60e-01,8.00e-01,2.72e+00,4.00e-01,
101,8.80e-01,4.00e-01,3.12e+00,4.24e-01,
102,9.60e-01,8.00e-01,2.96e+00,4.24e-01,
103,8.80e-01,4.00e-01,3.12e+00,4.48e-01,
104,9.00e-01,8.00e-01,3.04e+00,4.40e-01,
105,9.60e-01,4.00e-01,3.28e+00,4.64e-01,
106,9.00e-01,8.00e-01,3.28e+00,4.48e-01,
107,9.60e-01,4.00e-01,3.04e+00,4.80e-01,
108,9.00e-01,8.00e-01,3.20e+00,4.80e-01,
109,9.60e-01,4.00e-01,3.28e+00,4.56e-01,
110,9.00e-01,8.00e-01,3.28e+00,4.64e-01,
111,9.60e-01,6.00e-01,3.04e+00,4.48e-01,
112,9.00e-01,8.00e-01,3.28e+00,4.56e-01,
113,9.60e-01,4.00e-01,3.04e+00,4.32e-01,
114,9.00e-01,8.00e-01,3.12e+00,4.48e-01,
115,9.80e-01,4.00e-01,2.96e+00,4.08e-01,
116,9.00e-01,8.00e-01,3.04e+00,4.24e-01,
117,9.60e-01,4.00e-01,1.44e+00,2.16e-01,
118,9.00e-01,8.00e-01,2.48e+00,3.52e-01,
119,9.80e-01,6.00e-01,2.88e+00,4.16e-01,
120,9.80e-01,8.00e-01,2.80e+00,4.08e-01,
121,9.00e-01,4.00e-01,3.12e+00,4.40e-01,
122,9.00e-01,8.00e-01,2.96e+00,4.32e-01,
123,9.80e-01,4.00e-01,3.28e+00,4.56e-01,
124,9.80e-01,8.00e-01,3.28e+00,4.48e-01,
125,9.20e-01,4.00e-01,3.04e+00,4.64e-01,
126,9.80e-01,8.00e-01,3.20e+00,4.56e-01,
127,9.20e-01,4.00e-01,3.36e+00,4.80e-01,
128,9.80e-01,4.00e-01,3.20e+00,4.80e-01,
129,9.40e-01,8.00e-01,3.36e+00,4.64e-01,
130,9.40e-01,8.00e-01,3.28e+00,4.80e-01,
131,9.80e-01,4.00e-01,3.20e+00,4.48e-01,
132,9.40e-01,4.00e-01,3.28e+00,4.64e-01,
133,9.80e-01,8.00e-01,3.04e+00,4.40e-01,
134,9.40e-01,4.00e-01,3.12e+00,4.48e-01,
135,9.80e-01,8.00e-01,2.88e+00,4.08e-01,
136,9.40e-01,8.00e-01,2.96e+00,4.32e-01,
137,1.02e+00,4.00e-01,1.36e+00,1.92e-01,
138,9.40e-01,8.00e-01,1.12e+00,1.68e-01,
139,1.02e+00,4.00e-01,2.80e+00,3.92e-01,
140,1.02e+00,8.00e-01,2.72e+00,3.84e-01,
141,9.40e-01,4.00e-01,2.88e+00,4.16e-01,
142,9.60e-01,8.00e-01,2.80e+00,4.08e-01,
143,1.02e+00,4.00e-01,3.12e+00,4.40e-01,
144,9.60e-01,8.00e-01,2.96e+00,4.32e-01,
145,1.02e+00,4.00e-01,3.28e+00,4.56e-01,
146,9.60e-01,8.00e-01,3.28e+00,4.64e-01,
147,1.02e+00,4.00e-01,2.96e+00,4.40e-01,
148,9.60e-01,8.00e-01,3.12e+00,4.48e-01,
149,1.04e+00,4.00e-01,3.36e+00,4.80e-01,
150,9.60e-01,8.00e-01,3.20e+00,4.64e-01,
151,1.04e+00,4.00e-01,3.28e+00,4.48e-01,
152,1.04e+00,8.00e-01,3.28e+00,4.56e-01,
153,9.60e-01,4.00e-01,3.04e+00,4.40e-01,
154,1.00e+00,8.00e-01,3.12e+00,4.48e-01,
155,1.04e+00,4.00e-01,2.96e+00,4.24e-01,
156,1.00e+00,8.00e-01,3.04e+00,4.32e-01,
157,1.04e+00,4.00e-01,2.80e+00,4.00e-01,
158,1.00e+00,8.00e-01,2.88e+00,4.08e-01,
159,1.04e+00,4.00e-01,1.60e+00,2.16e-01,
160,1.00e+00,8.00e-01,2.80e+00,4.00e-01,
161,1.08e+00,4.00e-01,3.04e+00,4.40e-01,
162,1.08e+00,8.00e-01,2.96e+00,4.24e-01,
163,1.00e+00,4.00e-01,3.12e+00,4.56e-01,
164,1.08e+00,8.00e-01,3.04e+00,4.40e-01,
165,1.02e+00,4.00e-01,3.28e+00,4.64e-01,
166,1.02e+00,8.00e-01,3.20e+00,4.56e-01,
167,1.08e+00,4.00e-01,3.36e+00,4.80e-01,
168,1.08e+00,8.00e-01,3.36e+00,4.80e-01,
169,1.02e+00,4.00e-01,3.20e+00,4.64e-01,
170,1.02e+00,8.00e-01,3.20e+00,4.80e-01,
171,1.10e+00,4.00e-01,3.36e+00,4.64e-01,
172,1.10e+00,6.00e-01,3.28e+00,4.80e-01,
173,1.06e+00,8.00e-01,3.04e+00,4.40e-01,
174,1.06e+00,8.00e-01,3.28e+00,4.56e-01,
175,1.10e+00,4.00e-01,2.96e+00,4.32e-01,
176,1.06e+00,8.00e-01,3.04e+00,4.40e-01,
177,1.10e+00,4.00e-01,2.80e+00,4.00e-01,
178,1.06e+00,8.00e-01,2.88e+00,4.16e-01,
179,1.14e+00,4.00e-01,1.36e+00,2.00e-01,
180,1.14e+00,8.00e-01,2.56e+00,3.84e-01,
181,1.06e+00,4.00e-01,3.04e+00,4.16e-01,
182,1.08e+00,8.00e-01,2.80e+00,4.08e-01,
183,1.14e+00,4.00e-01,3.12e+00,4.48e-01,
184,1.08e+00,8.00e-01,2.96e+00,4.40e-01,
185,1.14e+00,4.00e-01,3.28e+00,4.64e-01,
186,1.08e+00,8.00e-01,3.20e+00,4.48e-01,
187,1.16e+00,4.00e-01,3.36e+00,4.80e-01,
188,1.08e+00,8.00e-01,3.36e+00,4.80e-01,
189,1.16e+00,4.00e-01,3.20e+00,4.72e-01,
190,1.12e+00,8.00e-01,3.36e+00,4.80e-01,
191,1.16e+00,4.00e-01,3.20e+00,4.56e-01,
192,1.12e+00,8.00e-01,3.28e+00,4.64e-01,
193,1.16e+00,4.00e-01,3.04e+00,4.48e-01,
194,1.12e+00,8.00e-01,3.28e+00,4.56e-01,
195,1.20e+00,4.00e-01,2.96e+00,4.32e-01,
196,1.12e+00,8.00e-01,3.12e+00,4.40e-01,
197,1.20e+00,4.00e-01,2.80e+00,4.08e-01,
198,1.20e+00,8.00e-01,2.96e+00,4.16e-01,
199,1.14e+00,4.00e-01,1.36e+00,2.00e-01,
200,1.14e+00,4.00e-01,2.80e+00,4.00e-01,
201,1.20e+00,8.00e-01,3.12e+00,4.40e-01,
202,1.14e+00,4.00e-01,2.96e+00,4.32e-01,
203,1.22e+00,8.00e-01,3.28e+00,4.64e-01,
204,1.14e+00,8.00e-01,3.20e+00,4.56e-01,
205,1.22e+00,4.00e-01,3.36e+00,4.80e-01,
206,1.18e+00,8.00e-01,3.36e+00,4.72e-01,
207,1.22e+00,4.00e-01,3.28e+00,4.88e-01,
208,1.22e+00,8.00e-01,3.28e+00,4.80e-01,
209,1.18e+00,4.00e-01,3.44e+00,4.96e-01,
210,1.18e+00,8.00e-01,3.36e+00,4.88e-01,
211,1.22e+00,6.00e-01,3.28e+00,4.72e-01,
212,1.18e+00,8.00e-01,3.36e+00,4.88e-01,
213,1.26e+00,4.00e-01,3.04e+00,4.48e-01,
214,1.26e+00,8.00e-01,3.28e+00,4.64e-01,
215,1.20e+00,4.00e-01,3.04e+00,4.32e-01,
216,1.26e+00,8.00e-01,3.12e+00,4.48e-01,
217,1.20e+00,4.00e-01,1.36e+00,2.00e-01,
218,1.26e+00,8.00e-01,1.60e+00,2.24e-01,
219,1.20e+00,4.00e-01,2.88e+00,4.08e-01,
220,1.20e+00,8.00e-01,2.72e+00,3.92e-01,
221,1.28e+00,6.00e-01,3.04e+00,4.24e-01,
222,1.20e+00,4.00e-01,3.12e+00,4.24e-01,
223,1.28e+00,8.00e-01,2.80e+00,4.56e-01,
224,1.28e+00,8.00e-01,3.04e+00,4.48e-01,
225,1.20e+00,4.00e-01,3.36e+00,4.80e-01,
226,1.28e+00,8.00e-01,3.36e+00,4.64e-01,
227,1.24e+00,4.00e-01,3.12e+00,4.88e-01,
228,1.24e+00,8.00e-01,3.36e+00,4.72e-01,
229,1.28e+00,4.00e-01,3.28e+00,4.88e-01,
230,1.28e+00,8.00e-01,3.36e+00,4.88e-01,
231,1.24e+00,4.00e-01,3.20e+00,4.72e-01,
232,1.24e+00,8.00e-01,3.20e+00,4.80e-01,
233,1.30e+00,4.00e-01,3.36e+00,4.48e-01,
234,1.24e+00,8.00e-01,3.28e+00,4.56e-01,
235,1.32e+00,4.00e-01,3.04e+00,4.32e-01,
236,1.32e+00,8.00e-01,3.12e+00,4.40e-01,
237,1.26e+00,4.00e-01,1.44e+00,2.24e-01,
238,1.26e+00,8.00e-01,2.32e+00,3.44e-01,
239,1.32e+00,4.00e-01,3.04e+00,4.24e-01,
240,1.32e+00,8.00e-01,2.96e+00,4.24e-01,
241,1.26e+00,4.00e-01,3.12e+00,4.56e-01,
242,1.32e+00,8.00e-01,3.04e+00,4.48e-01,
243,1.26e+00,4.00e-01,3.28e+00,4.72e-01,
244,1.26e+00,8.00e-01,3.20e+00,4.64e-01,
245,1.34e+00,4.00e-01,3.36e+00,4.88e-01,
246,1.34e+00,4.00e-01,3.28e+00,4.80e-01,
247,1.26e+00,5.00e+00,3.52e+00,4.96e-01,
248,1.26e+00,4.80e+00,3.52e+00,4.80e-01,
249,1.34e+00,5.00e+00,3.28e+00,4.96e-01,
250,1.34e+00,5.00e+00,3.36e+00,4.88e-01,
251,1.28e+00,4.80e+00,3.28e+00,4.72e-01,
252,1.34e+00,5.00e+00,3.36e+00,4.80e-01,
253,1.28e+00,4.80e+00,3.12e+00,4.48e-01,
254,1.34e+00,5.00e+00,3.28e+00,4.56e-01,
255,1.30e+00,4.80e+00,2.96e+00,4.24e-01,
256,1.30e+00,5.00e+00,3.04e+00,4.40e-01,
257,1.34e+00,4.80e+00,1.28e+00,1.68e-01,
258,1.30e+00,5.00e+00,2.32e+00,3.36e-01,
259,1.34e+00,4.80e+00,2.88e+00,4.16e-01,
260,1.30e+00,5.00e+00,2.80e+00,4.00e-01,
261,1.38e+00,4.80e+00,3.12e+00,4.40e-01,
262,1.30e+00,5.00e+00,2.96e+00,4.32e-01,
263,1.38e+00,4.00e-01,3.28e+00,4.64e-01,
264,1.30e+00,4.00e-01,3.20e+00,4.48e-01,
265,1.38e+00,8.00e-01,3.36e+00,4.80e-01,
266,1.30e+00,4.00e-01,3.36e+00,4.88e-01,
267,1.38e+00,8.00e-01,3.04e+00,4.48e-01,
268,1.30e+00,4.00e-01,3.36e+00,4.72e-01,
269,1.38e+00,8.00e-01,3.20e+00,4.88e-01,
270,1.38e+00,8.00e-01,3.36e+00,4.80e-01,
271,1.30e+00,4.00e-01,3.20e+00,4.56e-01,
272,1.38e+00,8.00e-01,3.28e+00,4.64e-01,
273,1.30e+00,4.00e-01,3.04e+00,4.40e-01,
274,1.38e+00,8.00e-01,3.12e+00,4.48e-01,
275,1.30e+00,4.00e-01,2.96e+00,4.24e-01,
276,1.38e+00,8.00e-01,3.04e+00,4.24e-01,
277,1.30e+00,4.00e-01,1.60e+00,2.24e-01,
278,1.38e+00,4.00e-01,2.72e+00,3.84e-01,
279,1.32e+00,8.00e-01,3.04e+00,4.24e-01,
280,1.38e+00,8.00e-01,2.96e+00,4.24e-01,
281,1.32e+00,4.00e-01,3.12e+00,4.56e-01,
282,1.38e+00,8.00e-01,3.04e+00,4.48e-01,
283,1.34e+00,4.00e-01,3.28e+00,4.64e-01,
284,1.38e+00,8.00e-01,3.20e+00,4.56e-01,
285,1.34e+00,4.00e-01,3.36e+00,4.88e-01,
286,1.38e+00,4.00e-01,3.36e+00,4.72e-01,
287,1.32e+00,8.00e-01,3.28e+00,4.88e-01,
288,1.38e+00,8.00e-01,3.36e+00,4.88e-01,
289,1.30e+00,4.00e-01,3.20e+00,4.64e-01,
290,1.30e+00,8.00e-01,3.36e+00,4.80e-01,
291,1.38e+00,4.00e-01,3.20e+00,4.56e-01,
292,1.38e+00,8.00e-01,3.28e+00,4.64e-01,
293,1.30e+00,4.00e-01,2.96e+00,4.40e-01,
294,1.38e+00,6.00e-01,3.12e+00,4.48e-01,
295,1.30e+00,8.00e-01,2.80e+00,4.16e-01,
296,1.30e+00,8.00e-01,3.04e+00,4.24e-01,
297,1.38e+00,4.00e-01,1.44e+00,2.00e-01,
298,1.30e+00,8.00e-01,2.48e+00,3.68e-01,
299,1.38e+00,4.00e-01,2.88e+00,4.16e-01,
300,1.30e+00,8.00e-01,2.80e+00,4.00e-01,
301,1.38e+00,6.00e-01,3.12e+00,4.40e-01,
302,1.30e+00,8.00e-01,2.96e+00,4.32e-01,
303,1.38e+00,4.00e-01,3.28e+00,4.56e-01,
304,1.30e+00,8.00e-01,3.04e+00,4.48e-01,
305,1.36e+00,4.00e-01,3.28e+00,4.80e-01,
306,1.34e+00,8.00e-01,3.20e+00,4.56e-01,
307,1.30e+00,4.00e-01,3.36e+00,4.80e-01,
308,1.34e+00,8.00e-01,3.36e+00,4.80e-01,
309,1.30e+00,4.00e-01,3.20e+00,4.56e-01,
310,1.30e+00,8.00e-01,3.28e+00,4.80e-01,
311,1.34e+00,4.00e-01,3.04e+00,4.48e-01,
312,1.34e+00,8.00e-01,3.28e+00,4.56e-01,
313,1.28e+00,4.00e-01,3.04e+00,4.32e-01,
314,1.34e+00,8.00e-01,3.12e+00,4.48e-01,
315,1.26e+00,4.00e-01,2.80e+00,4.08e-01,
316,1.34e+00,8.00e-01,3.04e+00,4.24e-01,
317,1.26e+00,4.00e-01,1.36e+00,2.00e-01,
318,1.32e+00,8.00e-01,2.56e+00,3.76e-01,
319,1.26e+00,4.00e-01,3.04e+00,4.24e-01,
320,1.26e+00,8.00e-01,2.96e+00,4.24e-01,
321,1.32e+00,4.00e-01,3.12e+00,4.48e-01,
322,1.32e+00,8.00e-01,3.04e+00,4.40e-01,
323,1.26e+00,4.00e-01,3.28e+00,4.64e-01,
324,1.32e+00,8.00e-01,3.20e+00,4.56e-01,
325,1.26e+00,4.00e-01,3.36e+00,4.80e-01,
326,1.32e+00,8.00e-01,3.36e+00,4.72e-01,
327,1.24e+00,4.00e-01,3.28e+00,4.88e-01,
328,1.32e+00,8.00e-01,3.36e+00,4.72e-01,
329,1.24e+00,4.00e-01,3.20e+00,4.88e-01,
330,1.28e+00,8.00e-01,3.36e+00,4.80e-01,
331,1.24e+00,4.00e-01,3.20e+00,4.56e-01,
332,1.28e+00,8.00e-01,3.28e+00,4.64e-01,
333,1.22e+00,4.00e-01,3.04e+00,4.40e-01,
334,1.28e+00,8.00e-01,3.12e+00,4.48e-01,
335,1.22e+00,6.00e-01,2.80e+00,4.08e-01,
336,1.28e+00,8.00e-01,3.04e+00,4.16e-01,
337,1.20e+00,4.00e-01,1.36e+00,2.00e-01,
338,1.20e+00,6.00e-01,2.56e+00,3.60e-01,
339,1.28e+00,8.00e-01,2.88e+00,4.08e-01,
340,1.20e+00,8.00e-01,2.72e+00,4.00e-01,
341,1.26e+00,4.00e-01,3.04e+00,4.32e-01,
342,1.26e+00,8.00e-01,2.96e+00,4.24e-01,
343,1.20e+00,4.00e-01,3.12e+00,4.56e-01,
344,1.26e+00,8.00e-01,3.04e+00,4.48e-01,
345,1.20e+00,4.00e-01,3.28e+00,4.64e-01,
346,1.26e+00,8.00e-01,3.20e+00,4.56e-01,
347,1.18e+00,4.00e-01,3.36e+00,4.80e-01,
348,1.18e+00,8.00e-01,3.20e+00,4.80e-01,
349,1.22e+00,4.00e-01,3.36e+00,4.72e-01,
350,1.18e+00,8.00e-01,3.36e+00,4.80e-01,
351,1.22e+00,4.00e-01,3.20e+00,4.48e-01,
352,1.22e+00,8.00e-01,3.28e+00,4.64e-01,
353,1.16e+00,4.00e-01,3.04e+00,4.40e-01,
354,1.14e+00,8.00e-01,3.12e+00,4.48e-01,
355,1.22e+00,4.00e-01,2.96e+00,4.24e-01,
356,1.14e+00,8.00e-01,3.04e+00,4.32e-01,
357,1.22e+00,4.00e-01,1.52e+00,2.24e-01,
358,1.14e+00,8.00e-01,2.72e+00,3.84e-01,
359,1.20e+00,4.00e-01,3.04e+00,4.32e-01,
360,1.20e+00,8.00e-01,2.96e+00,4.24e-01,
361,1.12e+00,4.00e-01,3.12e+00,4.56e-01,
362,1.12e+00,4.00e-01,3.04e+00,4.48e-01,
363,1.20e+00,8.00e-01,3.28e+00,4.72e-01,
364,1.16e+00,8.00e-01,3.20e+00,4.64e-01,
365,1.12e+00,4.00e-01,3.36e+00,4.88e-01,
366,1.12e+00,8.00e-01,3.36e+00,4.72e-01,
367,1.16e+00,4.00e-01,3.28e+00,4.88e-01,
368,1.16e+00,8.00e-01,3.36e+00,4.88e-01,
369,1.12e+00,4.00e-01,3.28e+00,4.72e-01,
370,1.16e+00,8.00e-01,3.36e+00,4.88e-01,
371,1.08e+00,4.00e-01,3.20e+00,4.56e-01,
372,1.08e+00,8.00e-01,3.28e+00,4.64e-01,
373,1.16e+00,4.00e-01,3.04e+00,4.40e-01,
374,1.08e+00,8.00e-01,3.12e+00,4.48e-01,
375,1.14e+00,4.00e-01,2.96e+00,4.24e-01,
376,1.08e+00,8.00e-01,3.04e+00,4.24e-01,
377,1.14e+00,4.00e-01,1.12e+00,1.68e-01,
378,1.14e+00,6.00e-01,2.48e+00,3.60e-01,
379,1.08e+00,8.00e-01,2.88e+00,4.16e-01,
380,1.14e+00,8.00e-01,2.80e+00,4.08e-01,
381,1.06e+00,4.00e-01,3.12e+00,4.48e-01,
382,1.06e+00,6.00e-01,3.04e+00,4.32e-01,
383,1.14e+00,8.00e-01,3.28e+00,4.64e-01,
384,1.06e+00,8.00e-01,3.20e+00,4.80e-01,
385,1.12e+00,4.00e-01,3.36e+00,4.56e-01,
386,1.06e+00,8.00e-01,3.12e+00,4.88e-01,
387,1.10e+00,4.00e-01,3.44e+00,4.64e-01,
388,1.10e+00,8.00e-01,3.36e+00,4.88e-01,
389,1.04e+00,4.00e-01,3.20e+00,4.72e-01,
390,1.10e+00,8.00e-01,3.36e+00,4.80e-01,
391,1.02e+00,4.00e-01,3.20e+00,4.56e-01,
392,1.10e+00,8.00e-01,3.28e+00,4.64e-01,
393,1.02e+00,4.00e-01,3.04e+00,4.40e-01,
394,1.08e+00,4.00e-01,3.12e+00,4.48e-01,
395,1.02e+00,8.00e-01,2.96e+00,4.24e-01,
396,1.02e+00,8.00e-01,3.04e+00,4.24e-01,
397,1.08e+00,4.00e-01,1.60e+00,2.24e-01,
398,1.08e+00,4.00e-01,2.80e+00,4.00e-01,
399,1.00e+00,8.00e-01,3.12e+00,4.48e-01,
400,1.08e+00,8.00e-01,3.04e+00,4.40e-01,
401,1.00e+00,4.00e-01,3.28e+00,4.64e-01,
402,1.00e+00,8.00e-01,3.20e+00,4.56e-01,
403,1.08e+00,4.00e-01,3.36e+00,4.88e-01,
404,1.00e+00,8.00e-01,3.28e+00,4.80e-01,
405,1.08e+00,4.00e-01,3.52e+00,4.96e-01,
406,1.00e+00,8.00e-01,3.52e+00,4.96e-01,
407,1.04e+00,4.00e-01,3.20e+00,4.80e-01,
408,1.04e+00,8.00e-01,3.52e+00,4.96e-01,
409,1.00e+00,4.00e-01,3.20e+00,4.72e-01,
410,1.04e+00,8.00e-01,3.36e+00,4.88e-01,
411,9.60e-01,4.00e-01,3.20e+00,4.64e-01,
412,1.04e+00,8.00e-01,3.28e+00,4.80e-01,
413,9.60e-01,4.00e-01,3.04e+00,4.40e-01,
414,9.60e-01,8.00e-01,3.12e+00,4.56e-01,
415,1.04e+00,4.00e-01,1.36e+00,2.00e-01,
416,1.04e+00,8.00e-01,1.84e+00,2.72e-01,
417,9.60e-01,4.00e-01,2.88e+00,4.08e-01,
418,9.60e-01,8.00e-01,2.80e+00,4.00e-01,
419,1.04e+00,4.00e-01,3.12e+00,4.40e-01,
420,1.02e+00,8.00e-01,2.96e+00,4.32e-01,
421,9.60e-01,4.00e-01,3.28e+00,4.64e-01,
422,1.02e+00,8.00e-01,3.04e+00,4.48e-01,
423,9.60e-01,4.00e-01,3.36e+00,4.88e-01,
424,1.02e+00,4.00e-01,3.28e+00,4.72e-01,
425,9.40e-01,8.00e-01,3.52e+00,4.96e-01,
426,1.00e+00,8.00e-01,3.52e+00,4.96e-01,
427,9.40e-01,4.00e-01,3.28e+00,4.80e-01,
428,1.02e+00,8.00e-01,3.28e+00,4.96e-01,
429,9.40e-01,4.00e-01,3.52e+00,4.72e-01,
430,9.40e-01,8.00e-01,3.36e+00,4.80e-01,
431,9.80e-01,4.00e-01,3.20e+00,4.56e-01,
432,9.80e-01,8.00e-01,3.28e+00,4.64e-01,
433,9.40e-01,4.00e-01,3.04e+00,4.32e-01,
434,9.40e-01,8.00e-01,3.12e+00,4.40e-01,
435,9.80e-01,4.00e-01,1.36e+00,2.00e-01,
436,9.80e-01,6.00e-01,2.48e+00,3.44e-01,
437,9.40e-01,8.00e-01,3.04e+00,4.40e-01,
438,9.80e-01,8.00e-01,2.96e+00,4.32e-01,
439,9.40e-01,4.00e-01,3.28e+00,4.64e-01,
440,9.80e-01,8.00e-01,3.20e+00,4.56e-01,
441,9.40e-01,4.00e-01,3.36e+00,4.88e-01,
442,9.80e-01,8.00e-01,3.28e+00,4.80e-01,
443,9.40e-01,4.00e-01,3.52e+00,4.96e-01,
444,9.80e-01,8.00e-01,3.52e+00,4.88e-01,
445,9.00e-01,4.00e-01,3.44e+00,5.04e-01,
446,9.80e-01,8.00e-01,3.44e+00,5.04e-01,
447,9.00e-01,4.00e-01,3.52e+00,4.88e-01,
448,9.80e-01,8.00e-01,3.52e+00,4.96e-01,
449,9.00e-01,4.00e-01,3.28e+00,4.72e-01,
450,9.80e-01,8.00e-01,3.36e+00,4.88e-01,
451,9.00e-01,4.00e-01,3.20e+00,4.48e-01,
452,9.00e-01,8.00e-01,3.28e+00,4.56e-01,
453,9.80e-01,4.00e-01,2.96e+00,4.24e-01,
454,9.00e-01,8.00e-01,3.04e+00,4.32e-01,
455,9.80e-01,6.00e-01,1.52e+00,2.08e-01,
456,9.00e-01,8.00e-01,2.72e+00,3.92e-01,
457,9.60e-01,4.00e-01,3.04e+00,4.40e-01,
458,9.00e-01,8.00e-01,2.80e+00,4.24e-01,
459,9.80e-01,4.00e-01,3.20e+00,4.56e-01,
460,9.00e-01,8.00e-01,3.04e+00,4.48e-01,
461,9.60e-01,4.00e-01,3.36e+00,4.80e-01,
462,9.60e-01,8.00e-01,3.20e+00,4.72e-01,
463,9.00e-01,6.00e-01,3.52e+00,4.96e-01,
464,9.00e-01,8.00e-01,3.28e+00,4.96e-01,
465,9.60e-01,4.00e-01,3.52e+00,4.80e-01,
466,9.00e-01,8.00e-01,3.52e+00,4.96e-01,
467,9.60e-01,4.00e-01,3.28e+00,4.80e-01,
468,9.00e-01,8.00e-01,3.36e+00,4.88e-01,
469,9.60e-01,4.00e-01,3.20e+00,4.64e-01,
470,9.00e-01,8.00e-01,3.28e+00,4.72e-01,
471,9.60e-01,4.00e-01,3.04e+00,4.40e-01,
472,9.00e-01,8.00e-01,3.12e+00,4.56e-01,
473,9.60e-01,4.00e-01,1.60e+00,2.24e-01,
474,9.00e-01,8.00e-01,2.08e+00,2.96e-01,
475,9.60e-01,4.00e-01,3.04e+00,4.40e-01,
476,9.60e-01,8.00e-01,2.96e+00,4.24e-01,
477,8.80e-01,4.00e-01,3.28e+00,4.56e-01,
478,9.60e-01,8.00e-01,3.04e+00,4.48e-01,
479,8.80e-01,4.00e-01,3.36e+00,4.80e-01,
480,9.00e-01,8.00e-01,3.28e+00,4.72e-01,
481,9.60e-01,4.00e-01,3.52e+00,4.96e-01,
482,8.80e-01,8.00e-01,3.52e+00,4.96e-01,
483,9.60e-01,4.00e-01,3.28e+00,4.80e-01,
484,9.60e-01,8.00e-01,3.44e+00,4.96e-01,
485,8.80e-01,4.00e-01,3.52e+00,4.88e-01,
486,9.60e-01,8.00e-01,3.52e+00,4.96e-01,
487,8.80e-01,4.00e-01,3.28e+00,4.80e-01,
488,8.80e-01,8.00e-01,3.36e+00,4.88e-01,
489,9.40e-01,4.00e-01,3.20e+00,4.56e-01,
490,9.00e-01,8.00e-01,3.28e+00,4.64e-01,
491,9.60e-01,4.00e-01,2.96e+00,4.32e-01,
492,9.60e-01,8.00e-01,3.12e+00,4.40e-01,
493,8.80e-01,6.00e-01,1.20e+00,1.68e-01,
494,8.80e-01,8.00e-01,2.48e+00,3.52e-01,
495,9.60e-01,4.00e-01,2.88e+00,4.16e-01,
496,8.80e-01,8.00e-01,2.80e+00,4.08e-01,
497,9.60e-01,4.00e-01,3.12e+00,4.48e-01,
498,8.80e-01,8.00e-01,3.04e+00,4.32e-01,
499,9.60e-01,4.00e-01,3.28e+00,4.64e-01,
500,8.80e-01,8.00e-01,3.20e+00,4.56e-01,
501,9.40e-01,4.00e-01,3.36e+00,4.80e-01,
502,9.60e-01,8.00e-01,3.12e+00,4.88e-01,
503,8.80e-01,4.00e-01,3.52e+00,4.64e-01,
504,9.60e-01,8.00e-01,3.20e+00,4.88e-01,
505,8.80e-01,4.00e-01,3.44e+00,4.72e-01,
506,8.80e-01,8.00e-01,3.36e+00,4.88e-01,
507,9.60e-01,4.00e-01,3.20e+00,4.56e-01,
508,8.80e-01,8.00e-01,3.28e+00,4.64e-01,
509,9.60e-01,4.00e-01,3.04e+00,4.40e-01,
510,8.80e-01,8.00e-01,3.12e+00,4.48e-01,
511,9.60e-01,4.00e-01,2.96e+00,4.24e-01,
512,8.80e-01,8.00e-01,3.04e+00,4.24e-01,
513,9.60e-01,4.00e-01,1.60e+00,2.24e-01,
514,9.00e-01,4.00e-01,2.72e+00,3.92e-01,
515,9.60e-01,8.00e-01,3.04e+00,4.40e-01,
516,8.80e-01,4.00e-01,2.96e+00,4.24e-01,
517,9.60e-01,8.00e-01,3.12e+00,4.56e-01,
518,9.60e-01,8.00e-01,3.04e+00,4.48e-01,
519,8.80e-01,4.00e-01,3.28e+00,4.72e-01,
520,8.80e-01,8.00e-01,3.20e+00,4.56e-01,
521,9.60e-01,4.00e-01,3.36e+00,4.88e-01,
522,9.60e-01,8.00e-01,3.36e+00,4.72e-01,
523,8.80e-01,4.00e-01,3.28e+00,4.88e-01,
524,8.80e-01,8.00e-01,3.36e+00,4.88e-01,
525,9.60e-01,4.00e-01,3.20e+00,4.64e-01,
526,9.00e-01,8.00e-01,3.36e+00,4.80e-01,
527,9.60e-01,4.00e-01,3.20e+00,4.56e-01,
528,9.60e-01,8.00e-01,3.28e+00,4.64e-01,
529,9.00e-01,4.00e-01,2.96e+00,4.40e-01,
530,9.00e-01,8.00e-01,3.12e+00,4.48e-01,
531,9.60e-01,4.00e-01,2.80e+00,4.08e-01,
532,9.60e-01,8.00e-01,3.04e+00,4.16e-01,
533,9.00e-01,4.00e-01,1.36e+00,1.92e-01,
534,9.00e-01,8.00e-01,2.56e+00,3.60e-01,
535,9.60e-01,4.00e-01,2.88e+00,4.08e-01,
536,9.60e-01,8.00e-01,2.80e+00,4.00e-01,
537,9.00e-01,4.00e-01,3.04e+00,4.40e-01,
538,9.00e-01,8.00e-01,2.88e+00,4.24e-01,
539,9.60e-01,4.00e-01,3.20e+00,4.56e-01,
540,9.00e-01,8.00e-01,3.04e+00,4.40e-01,
541,9.80e-01,4.00e-01,3.28e+00,4.64e-01,
542,9.00e-01,8.00e-01,3.20e+00,4.56e-01,
543,9.80e-01,4.00e-01,3.28e+00,4.80e-01,
544,9.00e-01,8.00e-01,3.20e+00,4.80e-01,
545,9.80e-01,4.00e-01,3.28e+00,4.56e-01,
546,9.80e-01,8.00e-01,3.28e+00,4.64e-01,
547,9.00e-01,4.00e-01,3.04e+00,4.48e-01,
548,9.80e-01,8.00e-01,3.12e+00,4.56e-01,
549,9.00e-01,4.00e-01,2.96e+00,4.32e-01,
550,9.80e-01,8.00e-01,3.04e+00,4.40e-01,
551,9.00e-01,4.00e-01,2.80e+00,4.08e-01,
552,9.00e-01,8.00e-01,2.88e+00,4.16e-01,
553,9.80e-01,4.00e-01,1.36e+00,1.92e-01,
554,9.20e-01,8.00e-01,2.48e+00,3.60e-01,
555,9.80e-01,4.00e-01,2.88e+00,4.16e-01,
556,9.80e-01,8.00e-01,2.80e+00,4.08e-01,
557,9.40e-01,4.00e-01,3.12e+00,4.48e-01,
558,9.40e-01,8.00e-01,3.04e+00,4.32e-01,
559,9.80e-01,4.00e-01,3.28e+00,4.56e-01,
560,9.40e-01,8.00e-01,3.12e+00,4.48e-01,
561,9.80e-01,4.00e-01,3.28e+00,4.80e-01,
562,9.40e-01,8.00e-01,3.20e+00,4.80e-01,
563,1.00e+00,4.00e-01,3.36e+00,4.56e-01,
564,9.40e-01,8.00e-01,3.36e+00,4.56e-01,
565,1.02e+00,4.00e-01,3.20e+00,4.80e-01,
566,9.40e-01,8.00e-01,3.28e+00,4.80e-01,
567,1.02e+00,4.00e-01,3.04e+00,4.48e-01,
568,1.02e+00,8.00e-01,3.28e+00,4.64e-01,
569,9.60e-01,4.00e-01,3.04e+00,4.32e-01,
570,9.60e-01,8.00e-01,3.12e+00,4.48e-01,
571,1.02e+00,4.00e-01,2.80e+00,4.08e-01,
572,1.02e+00,8.00e-01,2.88e+00,4.16e-01,
573,9.60e-01,4.00e-01,1.36e+00,1.92e-01,
574,9.60e-01,8.00e-01,2.32e+00,3.36e-01,
575,1.02e+00,4.00e-01,2.80e+00,4.00e-01,
576,9.60e-01,4.00e-01,2.72e+00,3.92e-01,
577,1.04e+00,8.00e-01,3.04e+00,4.16e-01,
578,1.04e+00,8.00e-01,2.72e+00,4.00e-01,
579,9.60e-01,4.00e-01,3.12e+00,4.48e-01,
580,1.04e+00,8.00e-01,2.96e+00,4.32e-01,
581,9.60e-01,4.00e-01,3.28e+00,4.56e-01,
582,1.00e+00,8.00e-01,3.28e+00,4.48e-01,
583,1.04e+00,4.00e-01,3.04e+00,4.64e-01,
584,1.04e+00,4.00e-01,3.28e+00,4.56e-01,
585,1.00e+00,8.00e-01,3.04e+00,4.72e-01,
586,1.00e+00,8.00e-01,3.20e+00,4.64e-01,
587,1.08e+00,4.00e-01,3.28e+00,4.48e-01,
588,1.00e+00,8.00e-01,3.28e+00,4.56e-01,
589,1.08e+00,4.00e-01,3.04e+00,4.40e-01,
590,1.00e+00,8.00e-01,3.12e+00,4.48e-01,
591,1.08e+00,4.00e-01,2.96e+00,4.24e-01,
592,1.02e+00,8.00e-01,3.04e+00,4.24e-01,
593,1.08e+00,4.00e-01,1.52e+00,2.16e-01,
594,1.08e+00,8.00e-01,2.16e+00,3.12e-01,
595,1.02e+00,4.00e-01,2.88e+00,4.16e-01,
596,1.02e+00,8.00e-01,2.80e+00,4.08e-01,
597,1.10e+00,4.00e-01,3.12e+00,4.40e-01,
598,1.10e+00,4.00e-01,2.96e+00,4.32e-01,
599,1.02e+00,8.00e-01,3.28e+00,4.56e-01,
600,1.10e+00,8.00e-01,3.04e+00,4.48e-01,
601,1.04e+00,4.00e-01,3.36e+00,4.72e-01,
602,1.06e+00,8.00e-01,3.36e+00,4.64e-01,
603,1.10e+00,4.00e-01,3.20e+00,4.80e-01,
604,1.10e+00,8.00e-01,3.28e+00,4.72e-01,
605,1.06e+00,4.00e-01,3.36e+00,4.88e-01,
606,1.06e+00,8.00e-01,3.36e+00,4.88e-01,
607,1.14e+00,4.00e-01,3.20e+00,4.56e-01,
608,1.14e+00,8.00e-01,3.28e+00,4.72e-01,
609,1.06e+00,4.00e-01,3.04e+00,4.48e-01,
610,1.14e+00,8.00e-01,3.12e+00,4.56e-01,
611,1.08e+00,4.00e-01,2.96e+00,4.24e-01,
612,1.08e+00,8.00e-01,3.04e+00,4.40e-01,
613,1.14e+00,4.00e-01,2.80e+00,4.00e-01,
614,1.08e+00,8.00e-01,2.88e+00,4.08e-01,
615,1.16e+00,4.00e-01,1.12e+00,1.68e-01,
616,1.16e+00,8.00e-01,2.72e+00,3.84e-01,
617,1.12e+00,4.00e-01,2.96e+00,4.24e-01,
618,1.16e+00,8.00e-01,2.96e+00,4.16e-01,
619,1.12e+00,4.00e-01,3.12e+00,4.48e-01,
620,1.12e+00,8.00e-01,3.04e+00,4.40e-01,
621,1.20e+00,4.00e-01,3.28e+00,4.64e-01,
622,1.12e+00,8.00e-01,3.04e+00,4.48e-01,
623,1.20e+00,4.00e-01,3.36e+00,4.80e-01,
624,1.20e+00,8.00e-01,3.20e+00,4.64e-01,
625,1.12e+00,4.00e-01,3.36e+00,4.88e-01,
626,1.20e+00,8.00e-01,3.36e+00,4.80e-01,
627,1.14e+00,4.00e-01,3.20e+00,4.56e-01,
628,1.14e+00,8.00e-01,3.28e+00,4.64e-01,
629,1.22e+00,4.00e-01,3.04e+00,4.48e-01,
630,1.14e+00,8.00e-01,3.20e+00,4.56e-01,
631,1.22e+00,6.00e-01,2.96e+00,4.32e-01,
632,1.22e+00,8.00e-01,3.04e+00,4.40e-01,
633,1.16e+00,4.00e-01,1.60e+00,2.32e-01,
634,1.18e+00,4.00e-01,2.00e+00,2.88e-01,
635,1.22e+00,8.00e-01,3.04e+00,4.16e-01,
636,1.22e+00,8.00e-01,2.80e+00,4.08e-01,
637,1.18e+00,4.00e-01,3.12e+00,4.48e-01,
638,1.18e+00,8.00e-01,3.04e+00,4.40e-01,
639,1.26e+00,4.00e-01,3.28e+00,4.64e-01,
640,1.18e+00,8.00e-01,3.20e+00,4.56e-01,
641,1.26e+00,4.00e-01,3.36e+00,4.88e-01,
642,1.26e+00,8.00e-01,3.36e+00,4.88e-01,
643,1.20e+00,4.00e-01,3.28e+00,4.72e-01,
644,1.26e+00,8.00e-01,3.28e+00,4.88e-01,
645,1.20e+00,4.00e-01,3.52e+00,4.80e-01,
646,1.20e+00,8.00e-01,3.28e+00,4.88e-01,
647,1.28e+00,4.00e-01,3.52e+00,4.72e-01,
648,1.20e+00,8.00e-01,3.36e+00,4.80e-01,
649,1.28e+00,4.00e-01,3.04e+00,4.48e-01,
650,1.28e+00,8.00e-01,3.28e+00,4.56e-01,
651,1.20e+00,4.00e-01,2.96e+00,4.32e-01,
652,1.28e+00,4.00e-01,3.12e+00,4.40e-01,
653,1.20e+00,8.00e-01,1.36e+00,1.92e-01,
654,1.28e+00,8.00e-01,2.48e+00,3.44e-01,
655,1.22e+00,4.00e-01,2.88e+00,4.16e-01,
656,1.28e+00,8.00e-01,2.80e+00,4.00e-01,
657,1.24e+00,4.00e-01,3.12e+00,4.40e-01,
658,1.24e+00,8.00e-01,2.96e+00,4.32e-01,
659,1.28e+00,4.00e-01,3.28e+00,4.64e-01,
660,1.24e+00,8.00e-01,3.20e+00,4.48e-01,
661,1.32e+00,6.00e-01,3.36e+00,4.80e-01,
662,1.24e+00,8.00e-01,3.36e+00,4.72e-01,
663,1.32e+00,4.00e-01,3.28e+00,4.88e-01,
664,1.32e+00,8.00e-01,3.36e+00,4.88e-01,
665,1.24e+00,4.00e-01,3.28e+00,4.72e-01,
666,1.26e+00,8.00e-01,3.36e+00,4.88e-01,
667,1.32e+00,4.00e-01,3.12e+00,4.56e-01,
668,1.32e+00,8.00e-01,3.28e+00,4.72e-01,
669,1.26e+00,4.00e-01,3.04e+00,4.48e-01,
670,1.26e+00,8.00e-01,3.12e+00,4.56e-01,
671,1.34e+00,4.00e-01,2.96e+00,4.24e-01,
672,1.26e+00,4.00e-01,3.04e+00,4.40e-01,
673,1.34e+00,5.00e+00,1.36e+00,2.00e-01,
674,1.34e+00,4.80e+00,2.56e+00,3.60e-01,
675,1.26e+00,5.00e+00,3.04e+00,4.40e-01,
676,1.26e+00,5.00e+00,2.96e+00,4.24e-01,
677,1.34e+00,4.80e+00,3.20e+00,4.56e-01,
678,1.34e+00,4.80e+00,3.12e+00,4.48e-01,
679,1.28e+00,5.00e+00,3.36e+00,4.80e-01,
680,1.34e+00,5.00e+00,3.36e+00,4.72e-01,
681,1.28e+00,4.80e+00,3.28e+00,4.88e-01,
682,1.34e+00,5.00e+00,3.52e+00,4.96e-01,
683,1.30e+00,4.80e+00,3.28e+00,4.80e-01,
684,1.30e+00,5.00e+00,3.52e+00,4.96e-01,
685,1.34e+00,4.80e+00,3.28e+00,4.80e-01,
686,1.30e+00,5.00e+00,3.36e+00,4.88e-01,
687,1.38e+00,4.80e+00,3.20e+00,4.64e-01,
688,1.30e+00,5.00e+00,3.36e+00,4.80e-01,
689,1.34e+00,4.00e-01,3.04e+00,4.48e-01,
690,1.30e+00,4.00e-01,3.12e+00,4.56e-01,
691,1.38e+00,8.00e-01,2.96e+00,4.24e-01,
692,1.30e+00,8.00e-01,3.04e+00,4.24e-01,
693,1.38e+00,4.00e-01,1.36e+00,2.08e-01,
694,1.30e+00,8.00e-01,2.64e+00,3.84e-01,
695,1.38e+00,4.00e-01,2.96e+00,4.16e-01,
696,1.30e+00,4.00e-01,2.80e+00,4.08e-01,
697,1.38e+00,8.00e-01,3.12e+00,4.48e-01,
698,1.38e+00,4.00e-01,3.04e+00,4.40e-01,
699,1.30e+00,8.00e-01,3.28e+00,4.64e-01,
700,1.38e+00,8.00e-01,3.04e+00,4.56e-01,
701,1.30e+00,4.00e-01,3.36e+00,4.80e-01,
702,1.30e+00,8.00e-01,3.36e+00,4.72e-01,
703,1.38e+00,4.00e-01,3.20e+00,4.88e-01,
704,1.38e+00,8.00e-01,3.36e+00,4.88e-01,
705,1.30e+00,4.00e-01,3.28e+00,4.72e-01,
706,1.38e+00,8.00e-01,3.36e+00,4.80e-01,
707,1.30e+00,4.00e-01,3.20e+00,4.56e-01,
708,1.38e+00,8.00e-01,3.28e+00,4.64e-01,
709,1.30e+00,4.00e-01,3.04e+00,4.40e-01,
710,1.38e+00,4.00e-01,3.12e+00,4.48e-01,
711,1.30e+00,8.00e-01,2.96e+00,4.08e-01,
712,1.38e+00,8.00e-01,3.04e+00,4.24e-01,
713,1.30e+00,4.00e-01,1.60e+00,2.24e-01,
714,1.38e+00,8.00e-01,2.80e+00,4.00e-01,
715,1.30e+00,4.00e-01,3.12e+00,4.48e-01,
716,1.38e+00,8.00e-01,3.04e+00,4.32e-01,
717,1.30e+00,4.00e-01,3.28e+00,4.64e-01,
718,1.38e+00,8.00e-01,3.20e+00,4.48e-01,
719,1.30e+00,4.00e-01,3.36e+00,4.80e-01,
720,1.30e+00,8.00e-01,3.36e+00,4.72e-01,
721,1.38e+00,6.00e-01,3.28e+00,4.88e-01,
722,1.38e+00,8.00e-01,3.36e+00,4.80e-01,
723,1.30e+00,4.00e-01,3.28e+00,4.88e-01,
724,1.38e+00,4.00e-01,3.28e+00,4.88e-01,
725,1.30e+00,8.00e-01,3.36e+00,4.72e-01,
726,1.30e+00,8.00e-01,3.36e+00,4.80e-01,
727,1.38e+00,4.00e-01,3.20e+00,4.56e-01,
728,1.30e+00,6.00e-01,3.28e+00,4.64e-01,
729,1.38e+00,8.00e-01,2.96e+00,4.32e-01,
730,1.34e+00,8.00e-01,3.12e+00,4.40e-01,
731,1.30e+00,4.00e-01,2.80e+00,4.08e-01,
732,1.30e+00,8.00e-01,2.88e+00,4.16e-01,
733,1.34e+00,4.00e-01,1.20e+00,1.68e-01,
734,1.34e+00,8.00e-01,2.56e+00,3.84e-01,
735,1.28e+00,4.00e-01,3.04e+00,4.24e-01,
736,1.34e+00,8.00e-01,2.80e+00,4.08e-01,
737,1.28e+00,4.00e-01,3.12e+00,4.48e-01,
738,1.34e+00,8.00e-01,2.96e+00,4.32e-01,
739,1.28e+00,4.00e-01,3.28e+00,4.64e-01,
740,1.34e+00,8.00e-01,3.36e+00,4.56e-01,
741,1.26e+00,4.00e-01,3.04e+00,4.80e-01,
742,1.26e+00,8.00e-01,3.36e+00,4.80e-01,
743,1.34e+00,4.00e-01,3.04e+00,4.56e-01,
744,1.34e+00,8.00e-01,3.36e+00,4.80e-01,
745,1.26e+00,4.00e-01,3.20e+00,4.56e-01,
746,1.26e+00,8.00e-01,3.28e+00,4.64e-01,
747,1.32e+00,4.00e-01,3.04e+00,4.48e-01,
748,1.32e+00,8.00e-01,3.28e+00,4.56e-01,
749,1.26e+00,4.00e-01,2.96e+00,4.32e-01,
750,1.32e+00,8.00e-01,3.12e+00,4.40e-01,
751,1.24e+00,4.00e-01,2.80e+00,4.08e-01,
752,1.32e+00,8.00e-01,2.88e+00,4.16e-01,
753,1.24e+00,4.00e-01,1.60e+00,2.24e-01,
754,1.32e+00,8.00e-01,2.80e+00,4.00e-01,
755,1.24e+00,4.00e-01,3.12e+00,4.40e-01,
756,1.24e+00,8.00e-01,2.96e+00,4.32e-01,
757,1.32e+00,4.00e-01,3.28e+00,4.56e-01,
758,1.24e+00,8.00e-01,3.04e+00,4.48e-01,
759,1.28e+00,4.00e-01,3.36e+00,4.80e-01,
760,1.24e+00,8.00e-01,3.20e+00,4.64e-01,
761,1.28e+00,4.00e-01,3.36e+00,4.88e-01,
762,1.28e+00,8.00e-01,3.36e+00,4.88e-01,
763,1.20e+00,4.00e-01,3.20e+00,4.72e-01,
764,1.20e+00,8.00e-01,3.36e+00,4.72e-01,
765,1.28e+00,4.00e-01,3.20e+00,4.88e-01,
766,1.20e+00,8.00e-01,3.36e+00,4.80e-01,
767,1.28e+00,4.00e-01,3.12e+00,4.48e-01,
768,1.20e+00,8.00e-01,3.28e+00,4.64e-01,
769,1.26e+00,4.00e-01,2.96e+00,4.32e-01,
770,1.26e+00,8.00e-01,3.12e+00,4.40e-01,
771,1.20e+00,4.00e-01,2.72e+00,4.00e-01,
772,1.26e+00,8.00e-01,1.36e+00,2.00e-01,
773,1.18e+00,4.00e-01,2.80e+00,4.00e-01,
774,1.18e+00,8.00e-01,2.72e+00,3.92e-01,
775,1.26e+00,4.00e-01,3.04e+00,4.24e-01,
776,1.18e+00,8.00e-01,2.80e+00,4.08e-01,
777,1.22e+00,4.00e-01,3.12e+00,4.48e-01,
778,1.22e+00,8.00e-01,2.96e+00,4.32e-01,
779,1.16e+00,4.00e-01,3.28e+00,4.64e-01,
780,1.22e+00,8.00e-01,3.20e+00,4.56e-01,
781,1.14e+00,4.00e-01,3.36e+00,4.80e-01,
782,1.14e+00,4.00e-01,3.36e+00,4.72e-01,
783,1.22e+00,8.00e-01,3.28e+00,4.80e-01,
784,1.20e+00,8.00e-01,3.36e+00,4.80e-01,
785,1.14e+00,4.00e-01,2.96e+00,4.56e-01,
786,1.20e+00,8.00e-01,3.28e+00,4.64e-01,
787,1.12e+00,4.00e-01,3.04e+00,4.48e-01,
788,1.20e+00,8.00e-01,3.28e+00,4.56e-01,
789,1.12e+00,4.00e-01,2.96e+00,4.32e-01,
790,1.12e+00,8.00e-01,3.04e+00,4.40e-01,
791,1.16e+00,4.00e-01,2.80e+00,4.08e-01,
792,1.16e+00,8.00e-01,2.88e+00,4.16e-01,
793,1.12e+00,4.00e-01,1.36e+00,2.00e-01,
794,1.12e+00,8.00e-01,2.80e+00,4.08e-01,
795,1.16e+00,4.00e-01,3.12e+00,4.48e-01,
796,1.16e+00,4.00e-01,3.04e+00,4.32e-01,
797,1.08e+00,8.00e-01,3.28e+00,4.64e-01,
798,1.16e+00,8.00e-01,3.20e+00,4.56e-01,
799,1.08e+00,4.00e-01,3.36e+00,4.88e-01,
800,1.14e+00,8.00e-01,3.36e+00,4.88e-01,
801,1.08e+00,4.00e-01,3.28e+00,4.72e-01,
802,1.08e+00,8.00e-01,3.28e+00,4.80e-01,
803,1.14e+00,4.00e-01,3.52e+00,4.96e-01,
804,1.14e+00,8.00e-01,3.36e+00,4.88e-01,
805,1.06e+00,4.00e-01,3.28e+00,4.72e-01,
806,1.12e+00,8.00e-01,3.36e+00,4.80e-01,
807,1.06e+00,4.00e-01,3.04e+00,4.48e-01,
808,1.06e+00,8.00e-01,3.28e+00,4.64e-01,
809,1.14e+00,4.00e-01,2.96e+00,4.32e-01,
810,1.06e+00,8.00e-01,3.12e+00,4.40e-01,
811,1.10e+00,4.00e-01,1.36e+00,1.92e-01,
812,1.10e+00,8.00e-01,2.24e+00,3.20e-01,
813,1.06e+00,4.00e-01,2.88e+00,4.08e-01,
814,1.10e+00,8.00e-01,2.80e+00,4.00e-01,
815,1.02e+00,4.00e-01,3.04e+00,4.32e-01,
816,1.10e+00,8.00e-01,2.80e+00,4.24e-01,
817,1.02e+00,4.00e-01,3.28e+00,4.56e-01,
818,1.08e+00,8.00e-01,3.04e+00,4.48e-01,
819,1.02e+00,4.00e-01,3.36e+00,4.80e-01,
820,1.08e+00,8.00e-01,3.36e+00,4.72e-01,
821,1.02e+00,4.00e-01,3.20e+00,4.88e-01,
822,1.08e+00,8.00e-01,3.20e+00,4.88e-01,
823,1.02e+00,4.00e-01,3.44e+00,4.72e-01,
824,1.08e+00,8.00e-01,3.36e+00,4.88e-01,
825,1.02e+00,4.00e-01,3.20e+00,4.72e-01,
826,1.08e+00,8.00e-01,3.36e+00,4.80e-01,
827,1.00e+00,4.00e-01,3.20e+00,4.48e-01,
828,1.00e+00,8.00e-01,3.28e+00,4.56e-01,
829,1.08e+00,4.00e-01,2.96e+00,4.32e-01,
830,1.00e+00,8.00e-01,3.12e+00,4.40e-01,
831,1.08e+00,4.00e-01,1.60e+00,2.24e-01,
832,1.00e+00,8.00e-01,2.56e+00,3.76e-01,
833,1.06e+00,4.00e-01,3.04e+00,4.40e-01,
834,1.00e+00,4.00e-01,2.96e+00,4.32e-01,
835,1.04e+00,8.00e-01,3.28e+00,4.56e-01,
836,1.04e+00,8.00e-01,3.20e+00,4.48e-01,
837,9.60e-01,4.00e-01,3.36e+00,4.80e-01,
838,1.04e+00,4.00e-01,3.28e+00,4.72e-01,
839,9.60e-01,8.00e-01,3.52e+00,4.88e-01,
840,1.04e+00,8.00e-01,3.28e+00,4.80e-01,
841,9.60e-01,4.00e-01,3.52e+00,4.96e-01,
842,9.60e-01,8.00e-01,3.52e+00,4.96e-01,
843,1.04e+00,4.00e-01,3.28e+00,4.80e-01,
844,9.60e-01,8.00e-01,3.52e+00,4.96e-01,
845,1.02e+00,4.00e-01,3.28e+00,4.72e-01,
846,9.60e-01,8.00e-01,3.36e+00,4.80e-01,
847,1.02e+00,4.00e-01,3.12e+00,4.48e-01,
848,1.02e+00,4.00e-01,3.28e+00,4.56e-01,
849,9.60e-01,8.00e-01,2.96e+00,4.24e-01,
850,1.02e+00,8.00e-01,3.04e+00,4.40e-01,
851,9.40e-01,4.00e-01,1.20e+00,1.68e-01,
852,9.40e-01,8.00e-01,2.56e+00,3.68e-01,
853,1.02e+00,4.00e-01,3.04e+00,4.24e-01,
854,9.40e-01,8.00e-01,2.88e+00,4.08e-01,
855,1.02e+00,4.00e-01,3.12e+00,4.48e-01,
856,9.40e-01,8.00e-01,3.04e+00,4.40e-01,
857,1.00e+00,4.00e-01,3.36e+00,4.72e-01,
858,9.40e-01,8.00e-01,3.20e+00,4.56e-01,
859,9.80e-01,4.00e-01,3.36e+00,4.88e-01,
860,9.80e-01,8.00e-01,3.20e+00,4.56e-01,
861,9.40e-01,4.00e-01,3.52e+00,4.96e-01,
862,9.80e-01,8.00e-01,3.28e+00,4.96e-01,
863,9.40e-01,4.00e-01,3.52e+00,4.72e-01,
864,9.40e-01,8.00e-01,3.36e+00,4.88e-01,
865,9.80e-01,4.00e-01,3.20e+00,4.56e-01,
866,9.80e-01,6.00e-01,3.28e+00,4.72e-01,
867,9.40e-01,8.00e-01,3.04e+00,4.40e-01,
868,9.80e-01,8.00e-01,3.12e+00,4.56e-01,
869,9.00e-01,4.00e-01,2.96e+00,4.24e-01,
870,9.80e-01,8.00e-01,3.12e+00,4.32e-01,
871,9.00e-01,4.00e-01,1.60e+00,2.32e-01,
872,9.00e-01,8.00e-01,2.80e+00,4.08e-01,
873,9.80e-01,4.00e-01,3.12e+00,4.48e-01,
874,9.00e-01,8.00e-01,3.04e+00,4.40e-01,
875,9.80e-01,4.00e-01,3.28e+00,4.64e-01,
876,9.60e-01,8.00e-01,3.20e+00,4.56e-01,
877,9.00e-01,4.00e-01,3.36e+00,4.88e-01,
878,9.00e-01,8.00e-01,3.28e+00,4.80e-01,
879,9.60e-01,4.00e-01,3.52e+00,4.96e-01,
880,9.60e-01,8.00e-01,3.52e+00,4.96e-01,
881,9.00e-01,4.00e-01,3.20e+00,4.80e-01,
882,9.00e-01,8.00e-01,3.28e+00,4.96e-01,
883,9.60e-01,4.00e-01,3.52e+00,4.80e-01,
884,9.00e-01,8.00e-01,3.36e+00,4.88e-01,
885,9.60e-01,4.00e-01,3.20e+00,4.56e-01,
886,9.00e-01,8.00e-01,3.36e+00,4.64e-01,
887,9.60e-01,4.00e-01,3.04e+00,4.40e-01,
888,9.00e-01,8.00e-01,3.12e+00,4.48e-01,
889,9.60e-01,4.00e-01,1.36e+00,2.00e-01,
890,9.00e-01,8.00e-01,2.24e+00,3.28e-01,
891,9.60e-01,4.00e-01,2.88e+00,4.08e-01,
892,9.00e-01,8.00e-01,2.72e+00,4.00e-01,
893,9.60e-01,4.00e-01,3.12e+00,4.40e-01,
894,9.00e-01,8.00e-01,2.96e+00,4.32e-01,
895,9.60e-01,4.00e-01,3.28e+00,4.56e-01,
896,9.60e-01,8.00e-01,2.96e+00,4.40e-01,
897,8.80e-01,4.00e-01,3.36e+00,4.80e-01,
898,9.60e-01,8.00e-01,3.28e+00,4.72e-01,
899,8.80e-01,4.00e-01,3.36e+00,4.88e-01,
900,8.80e-01,8.00e-01,3.36e+00,4.88e-01,
901,9.60e-01,4.00e-01,3.28e+00,4.80e-01,
902,8.80e-01,4.00e-01,3.36e+00,4.88e-01,
903,9.60e-01,8.00e-01,3.12e+00,4.56e-01,
904,8.80e-01,8.00e-01,3.36e+00,4.80e-01,
905,9.60e-01,4.00e-01,3.04e+00,4.48e-01,
906,8.80e-01,8.00e-01,3.28e+00,4.56e-01,
907,9.60e-01,4.00e-01,2.96e+00,4.32e-01,
908,8.80e-01,8.00e-01,3.04e+00,4.40e-01,
909,9.60e-01,4.00e-01,1.36e+00,2.00e-01,
910,8.80e-01,8.00e-01,2.32e+00,3.36e-01,
911,9.60e-01,4.00e-01,3.04e+00,4.24e-01,
912,8.80e-01,8.00e-01,2.96e+00,4.24e-01,
913,9.60e-01,4.00e-01,3.12e+00,4.56e-01,
914,8.80e-01,6.00e-01,3.04e+00,4.40e-01,
915,9.60e-01,8.00e-01,3.28e+00,4.72e-01,
916,8.80e-01,8.00e-01,3.20e+00,4.64e-01,
917,9.60e-01,4.00e-01,3.36e+00,4.88e-01,
918,8.80e-01,8.00e-01,3.28e+00,4.80e-01,
919,9.60e-01,4.00e-01,3.52e+00,4.96e-01,
920,8.80e-01,8.00e-01,3.28e+00,4.96e-01,
921,9.60e-01,4.00e-01,3.52e+00,4.80e-01,
922,8.80e-01,8.00e-01,3.36e+00,4.88e-01,
923,9.60e-01,4.00e-01,3.20e+00,4.56e-01,
924,8.80e-01,8.00e-01,3.28e+00,4.72e-01,
925,9.60e-01,4.00e-01,3.04e+00,4.40e-01,
926,8.80e-01,8.00e-01,3.12e+00,4.56e-01,
927,9.60e-01,4.00e-01,2.96e+00,4.24e-01,
928,8.80e-01,8.00e-01,3.04e+00,4.24e-01,
929,9.20e-01,4.00e-01,1.36e+00,2.00e-01,
930,8.80e-01,8.00e-01,2.48e+00,3.60e-01,
931,9.60e-01,4.00e-01,2.88e+00,4.08e-01,
932,8.80e-01,8.00e-01,3.04e+00,4.00e-01,
933,9.40e-01,4.00e-01,2.72e+00,4.40e-01,
934,8.80e-01,8.00e-01,2.96e+00,4.24e-01,
935,9.40e-01,4.00e-01,3.28e+00,4.56e-01,
936,8.80e-01,8.00e-01,3.28e+00,4.64e-01,
937,9.60e-01,4.00e-01,3.04e+00,4.40e-01,
938,8.80e-01,8.00e-01,3.20e+00,4.56e-01,
939,9.60e-01,4.00e-01,3.36e+00,4.80e-01,
940,8.80e-01,8.00e-01,3.36e+00,4.80e-01,
941,9.40e-01,4.00e-01,3.20e+00,4.56e-01,
942,8.80e-01,8.00e-01,3.20e+00,4.80e-01,
943,9.40e-01,4.00e-01,3.36e+00,4.48e-01,
944,8.80e-01,8.00e-01,3.28e+00,4.64e-01,
945,9.60e-01,4.00e-01,3.04e+00,4.40e-01,
946,8.80e-01,8.00e-01,3.12e+00,4.48e-01,
947,9.60e-01,4.00e-01,2.96e+00,4.24e-01,
948,8.80e-01,8.00e-01,3.04e+00,4.24e-01,
949,9.60e-01,4.00e-01,1.52e+00,2.16e-01,
950,8.80e-01,8.00e-01,2.56e+00,3.76e-01,
951,9.60e-01,4.00e-01,3.04e+00,4.24e-01,
952,9.00e-01,8.00e-01,2.88e+00,4.08e-01,
953,9.60e-01,4.00e-01,3.12e+00,4.48e-01,
954,9.60e-01,8.00e-01,3.04e+00,4.32e-01,
955,8.80e-01,4.00e-01,3.28e+00,4.64e-01,
956,8.80e-01,8.00e-01,3.20e+00,4.48e-01,
957,9.60e-01,4.00e-01,3.28e+00,4.80e-01,
958,9.60e-01,8.00e-01,3.20e+00,4.56e-01,
959,9.00e-01,4.00e-01,3.36e+00,4.80e-01,
960,9.60e-01,8.00e-01,3.20e+00,4.80e-01,
961,9.00e-01,4.00e-01,3.36e+00,4.56e-01,
962,9.60e-01,8.00e-01,3.20e+00,4.80e-01,
963,9.00e-01,4.00e-01,3.36e+00,4.48e-01,
964,9.00e-01,6.00e-01,3.28e+00,4.64e-01,
965,9.60e-01,8.00e-01,3.04e+00,4.32e-01,
966,9.00e-01,8.00e-01,3.12e+00,4.48e-01,
967,9.60e-01,4.00e-01,2.80e+00,4.08e-01,
968,9.80e-01,8.00e-01,2.96e+00,4.16e-01,
969,9.00e-01,4.00e-01,1.12e+00,1.68e-01,
970,9.00e-01,8.00e-01,2.16e+00,3.20e-01,
971,9.60e-01,4.00e-01,2.80e+00,4.00e-01,
972,9.00e-01,8.00e-01,2.72e+00,3.84e-01,
973,9.80e-01,4.00e-01,2.88e+00,4.16e-01,
974,9.00e-01,8.00e-01,2.80e+00,4.08e-01,
975,9.80e-01,4.00e-01,3.12e+00,4.48e-01,
976,9.80e-01,8.00e-01,2.96e+00,4.32e-01,
977,9.00e-01,4.00e-01,3.28e+00,4.56e-01,
978,9.80e-01,8.00e-01,3.04e+00,4.48e-01,
979,9.00e-01,4.00e-01,3.28e+00,4.64e-01,
980,9.40e-01,8.00e-01,3.28e+00,4.48e-01,
981,9.80e-01,4.00e-01,3.12e+00,4.64e-01,
982,9.40e-01,8.00e-01,3.28e+00,4.64e-01,
983,9.80e-01,4.00e-01,3.04e+00,4.48e-01,
984,9.80e-01,8.00e-01,3.28e+00,4.56e-01,
985,9.40e-01,4.00e-01,3.04e+00,4.32e-01,
986,9.40e-01,4.00e-01,3.12e+00,4.40e-01,
987,9.80e-01,8.00e-01,2.80e+00,4.16e-01,
988,9.40e-01,8.00e-01,3.04e+00,4.32e-01,
989,1.02e+00,4.00e-01,2.72e+00,3.92e-01,
990,1.02e+00,8.00e-01,1.52e+00,2.16e-01,
991,9.40e-01,4.00e-01,2.88e+00,4.08e-01,
992,9.40e-01,8.00e-01,2.72e+00,4.00e-01,
993,1.02e+00,4.00e-01,3.04e+00,4.24e-01,
994,1.02e+00,8.00e-01,2.96e+00,4.24e-01,
995,9.40e-01,4.00e-01,3.12e+00,4.48e-01,
996,9.60e-01,8.00e-01,3.04e+00,4.40e-01,
997,1.02e+00,4.00e-01,3.28e+00,4.64e-01,
998,1.02e+00,8.00e-01,3.20e+00,4.48e-01,
999,9.60e-01,4.00e-01,3.28e+00,4.64e-01,
1000,9.60e-01,4.00e-01,3.20e+00,4.56e-01,
1001,1.04e+00,8.00e-01,3.36e+00,4.80e-01,
1002,9.60e-01,8.00e-01,2.96e+00,4.80e-01,
1003,1.04e+00,4.00e-01,3.36e+00,4.56e-01,
1004,9.60e-01,8.00e-01,3.28e+00,4.64e-01,
1005,1.04e+00,4.00e-01,2.96e+00,4.32e-01,
1006,1.04e+00,8.00e-01,3.12e+00,4.48e-01,
1007,9.60e-01,4.00e-01,2.96e+00,4.24e-01,
1008,1.00e+00,8.00e-01,3.04e+00,4.40e-01,
1009,1.04e+00,4.00e-01,2.80e+00,4.00e-01,
1010,1.04e+00,8.00e-01,2.88e+00,4.08e-01,
1011,1.00e+00,4.00e-01,1.36e+00,2.00e-01,
1012,1.00e+00,8.00e-01,2.56e+00,3.68e-01,
1013,1.06e+00,4.00e-01,2.88e+00,4.16e-01,
1014,1.00e+00,8.00e-01,2.80e+00,4.00e-01,
1015,1.08e+00,4.00e-01,3.04e+00,4.40e-01,
1016,1.00e+00,8.00e-01,3.12e+00,4.24e-01,
1017,1.08e+00,4.00e-01,2.88e+00,4.56e-01,
1018,1.08e+00,8.00e-01,3.04e+00,4.40e-01,
1019,1.00e+00,4.00e-01,3.28e+00,4.64e-01,
1020,1.02e+00,8.00e-01,3.20e+00,4.56e-01,
1021,1.08e+00,4.00e-01,3.28e+00,4.80e-01,
1022,1.02e+00,8.00e-01,3.20e+00,4.64e-01,
1023,1.10e+00,4.00e-01,3.28e+00,4.56e-01,
1024,1.02e+00,8.00e-01,3.28e+00,4.64e-01,
1025,1.10e+00,4.00e-01,3.04e+00,4.40e-01,
1026,1.10e+00,8.00e-01,3.12e+00,4.56e-01,
1027,1.04e+00,4.00e-01,2.96e+00,4.32e-01,
1028,1.06e+00,4.00e-01,3.04e+00,4.40e-01,
1029,1.10e+00,8.00e-01,2.80e+00,4.08e-01,
1030,1.06e+00,8.00e-01,2.88e+00,4.16e-01,
1031,1.14e+00,4.00e-01,1.36e+00,2.00e-01,
1032,1.06e+00,8.00e-01,2.56e+00,3.84e-01,
1033,1.14e+00,4.00e-01,3.04e+00,4.24e-01,
1034,1.14e+00,8.00e-01,2.96e+00,4.24e-01,
1035,1.06e+00,4.00e-01,3.12e+00,4.48e-01,
1036,1.14e+00,8.00e-01,3.04e+00,4.40e-01,
1037,1.08e+00,4.00e-01,3.28e+00,4.64e-01,
1038,1.08e+00,8.00e-01,3.20e+00,4.56e-01,
1039,1.14e+00,4.00e-01,3.36e+00,4.80e-01,
1040,1.08e+00,4.00e-01,3.36e+00,4.72e-01,
1041,1.16e+00,8.00e-01,3.28e+00,4.88e-01,
1042,1.16e+00,8.00e-01,3.36e+00,4.72e-01,
1043,1.08e+00,4.00e-01,3.20e+00,4.88e-01,
1044,1.16e+00,8.00e-01,3.20e+00,4.80e-01,
1045,1.12e+00,4.00e-01,3.36e+00,4.48e-01,
1046,1.12e+00,8.00e-01,3.28e+00,4.64e-01,
1047,1.20e+00,4.00e-01,3.04e+00,4.32e-01,
1048,1.12e+00,4.00e-01,3.12e+00,4.48e-01,
1049,1.20e+00,8.00e-01,2.80e+00,4.08e-01,
1050,1.12e+00,8.00e-01,2.96e+00,4.16e-01,
1051,1.20e+00,4.00e-01,1.36e+00,2.00e-01,
1052,1.20e+00,8.00e-01,2.56e+00,3.60e-01,
1053,1.14e+00,4.00e-01,2.88e+00,4.16e-01,
1054,1.20e+00,8.00e-01,3.04e+00,4.00e-01,
1055,1.14e+00,4.00e-01,2.72e+00,4.40e-01,
1056,1.14e+00,8.00e-01,2.96e+00,4.32e-01,
1057,1.22e+00,4.00e-01,3.20e+00,4.56e-01,
1058,1.22e+00,8.00e-01,3.04e+00,4.48e-01,
1059,1.14e+00,4.00e-01,3.28e+00,4.80e-01,
1060,1.22e+00,8.00e-01,3.20e+00,4.56e-01,
1061,1.18e+00,4.00e-01,3.36e+00,4.80e-01,
1062,1.22e+00,8.00e-01,3.36e+00,4.88e-01,
1063,1.18e+00,4.00e-01,3.20e+00,4.64e-01,
1064,1.22e+00,4.00e-01,3.36e+00,4.80e-01,
1065,1.18e+00,8.00e-01,3.20e+00,4.48e-01,
1066,1.18e+00,8.00e-01,3.28e+00,4.64e-01,
1067,1.26e+00,4.00e-01,3.04e+00,4.40e-01,
1068,1.26e+00,4.00e-01,3.12e+00,4.48e-01,
1069,1.18e+00,8.00e-01,2.96e+00,4.24e-01,
1070,1.26e+00,8.00e-01,3.04e+00,4.24e-01,
1071,1.20e+00,4.00e-01,1.44e+00,2.16e-01,
1072,1.26e+00,8.00e-01,2.72e+00,4.00e-01,
1073,1.20e+00,4.00e-01,3.04e+00,4.40e-01,
1074,1.20e+00,8.00e-01,2.96e+00,4.32e-01,
1075,1.26e+00,4.00e-01,3.28e+00,4.56e-01,
1076,1.28e+00,8.00e-01,3.20e+00,4.48e-01,
1077,1.20e+00,4.00e-01,3.36e+00,4.80e-01,
1078,1.28e+00,8.00e-01,3.36e+00,4.72e-01,
1079,1.20e+00,4.00e-01,3.20e+00,4.88e-01,
1080,1.24e+00,8.00e-01,3.28e+00,4.88e-01,
1081,1.28e+00,4.00e-01,3.44e+00,4.80e-01,
1082,1.24e+00,8.00e-01,3.28e+00,4.80e-01,
1083,1.28e+00,4.00e-01,3.44e+00,4.88e-01,
1084,1.24e+00,8.00e-01,3.36e+00,4.88e-01,
1085,1.28e+00,4.00e-01,3.20e+00,4.56e-01,
1086,1.24e+00,8.00e-01,3.28e+00,4.64e-01,
1087,1.32e+00,4.00e-01,3.04e+00,4.40e-01,
1088,1.32e+00,8.00e-01,3.12e+00,4.48e-01,
1089,1.24e+00,4.00e-01,2.80e+00,4.08e-01,
1090,1.32e+00,8.00e-01,3.04e+00,4.24e-01,
1091,1.24e+00,4.00e-01,1.28e+00,1.68e-01,
1092,1.32e+00,8.00e-01,2.40e+00,3.68e-01,
1093,1.26e+00,4.00e-01,3.04e+00,4.24e-01,
1094,1.34e+00,8.00e-01,2.80e+00,4.08e-01,
1095,1.26e+00,4.00e-01,3.12e+00,4.48e-01,
1096,1.26e+00,8.00e-01,3.28e+00,4.40e-01,
1097,1.32e+00,4.00e-01,2.96e+00,4.64e-01,
1098,1.26e+00,4.00e-01,3.36e+00,4.56e-01,
1099,1.34e+00,5.00e+00,3.12e+00,4.88e-01,
1100,1.26e+00,5.00e+00,3.36e+00,4.88e-01,
1101,1.34e+00,4.80e+00,3.04e+00,4.56e-01,
1102,1.34e+00,5.00e+00,3.36e+00,4.88e-01,
1103,1.26e+00,4.80e+00,3.04e+00,4.56e-01,
1104,1.34e+00,4.80e+00,3.36e+00,4.80e-01,
1105,1.26e+00,5.00e+00,3.20e+00,4.48e-01,
1106,1.28e+00,4.80e+00,3.28e+00,4.64e-01,
1107,1.34e+00,5.20e+00,3.04e+00,4.32e-01,
1108,1.34e+00,5.00e+00,3.12e+00,4.48e-01,
1109,1.30e+00,4.80e+00,2.80e+00,4.08e-01,
1110,1.34e+00,5.00e+00,3.04e+00,4.24e-01,
1111,1.30e+00,4.80e+00,1.60e+00,2.32e-01,
1112,1.34e+00,5.00e+00,2.80e+00,4.08e-01,
1113,1.30e+00,4.80e+00,3.12e+00,4.48e-01,
1114,1.30e+00,4.80e+00,3.04e+00,4.32e-01,
1115,1.38e+00,5.00e+00,3.28e+00,4.64e-01,
1116,1.30e+00,5.00e+00,3.20e+00,4.56e-01,
1117,1.38e+00,4.00e-01,3.36e+00,4.80e-01,
1118,1.30e+00,4.00e-01,3.36e+00,4.72e-01,
1119,1.38e+00,8.00e-01,3.28e+00,4.88e-01,
1120,1.30e+00,4.00e-01,3.36e+00,4.88e-01,
1121,1.38e+00,8.00e-01,3.28e+00,4.72e-01,
1122,1.38e+00,8.00e-01,3.36e+00,4.88e-01,
1123,1.30e+00,4.00e-01,3.12e+00,4.64e-01,
1124,1.38e+00,8.00e-01,3.36e+00,4.80e-01,
1125,1.30e+00,4.00e-01,3.04e+00,4.48e-01,
1126,1.38e+00,8.00e-01,3.28e+00,4.64e-01,
1127,1.30e+00,4.00e-01,2.96e+00,4.32e-01,
1128,1.38e+00,4.00e-01,3.12e+00,4.48e-01,
1129,1.30e+00,8.00e-01,1.36e+00,2.00e-01,
1130,1.38e+00,8.00e-01,1.84e+00,2.64e-01,
1131,1.30e+00,4.00e-01,2.80e+00,4.00e-01,
1132,1.38e+00,8.00e-01,2.56e+00,3.92e-01,
1133,1.30e+00,4.00e-01,3.04e+00,4.24e-01,
1134,1.38e+00,4.00e-01,3.12e+00,4.24e-01,
1135,1.32e+00,8.00e-01,2.80e+00,4.48e-01,
1136,1.30e+00,4.00e-01,3.04e+00,4.40e-01,
1137,1.38e+00,8.00e-01,3.28e+00,4.64e-01,
1138,1.38e+00,4.00e-01,3.20e+00,4.56e-01,
1139,1.30e+00,8.00e-01,3.36e+00,4.80e-01,
1140,1.30e+00,4.00e-01,3.28e+00,4.72e-01,
1141,1.38e+00,8.00e-01,3.36e+00,4.80e-01,
1142,1.34e+00,4.00e-01,3.36e+00,4.80e-01,
1143,1.38e+00,8.00e-01,3.04e+00,4.48e-01,
1144,1.38e+00,8.00e-01,3.28e+00,4.64e-01,
1145,1.30e+00,4.00e-01,3.04e+00,4.48e-01,
1146,1.38e+00,6.00e-01,3.12e+00,4.56e-01,
1147,1.30e+00,8.00e-01,2.96e+00,4.24e-01,
1148,1.38e+00,6.00e-01,3.04e+00,4.32e-01,
1149,1.30e+00,8.00e-01,2.80e+00,4.00e-01,
1150,1.38e+00,8.00e-01,2.88e+00,4.08e-01,
1151,1.30e+00,6.00e-01,1.36e+00,2.00e-01,
1152,1.38e+00,6.00e-01,2.80e+00,4.00e-01,
1153,1.30e+00,8.00e-01,3.12e+00,4.40e-01,
1154,1.30e+00,8.00e-01,2.96e+00,4.32e-01,
1155,1.38e+00,6.00e-01,3.28e+00,4.56e-01,
1156,1.30e+00,8.00e-01,3.20e+00,4.48e-01,
1157,1.38e+00,6.00e-01,3.36e+00,4.80e-01,
1158,1.34e+00,8.00e-01,3.20e+00,4.72e-01,
1159,1.30e+00,4.00e-01,3.36e+00,4.88e-01,
1160,1.30e+00,8.00e-01,3.36e+00,4.72e-01,
1161,1.34e+00,4.00e-01,3.28e+00,4.88e-01,
1162,1.34e+00,8.00e-01,3.36e+00,4.88e-01,
1163,1.30e+00,4.00e-01,3.20e+00,4.56e-01,
1164,1.34e+00,8.00e-01,3.28e+00,4.80e-01,
1165,1.30e+00,4.00e-01,3.04e+00,4.48e-01,
1166,1.34e+00,8.00e-01,3.12e+00,4.56e-01,
1167,1.26e+00,4.00e-01,2.96e+00,4.24e-01,
1168,1.34e+00,8.00e-01,3.04e+00,4.40e-01,
1169,1.26e+00,4.00e-01,1.36e+00,1.92e-01,
1170,1.26e+00,8.00e-01,1.52e+00,2.08e-01,
1171,1.34e+00,4.00e-01,2.80e+00,4.00e-01,
1172,1.32e+00,8.00e-01,2.72e+00,3.84e-01,
1173,1.26e+00,4.00e-01,2.96e+00,4.16e-01,
1174,1.32e+00,8.00e-01,2.72e+00,4.00e-01,
1175,1.26e+00,4.00e-01,3.12e+00,4.48e-01,
1176,1.32e+00,8.00e-01,3.28e+00,4.32e-01,
1177,1.26e+00,4.00e-01,2.96e+00,4.56e-01,
1178,1.32e+00,8.00e-01,3.28e+00,4.48e-01,
1179,1.26e+00,4.00e-01,3.12e+00,4.64e-01,
1180,1.24e+00,8.00e-01,3.20e+00,4.80e-01,
1181,1.32e+00,4.00e-01,3.36e+00,4.56e-01,
1182,1.32e+00,8.00e-01,3.36e+00,4.80e-01,
1183,1.24e+00,4.00e-01,3.20e+00,4.56e-01,
1184,1.24e+00,8.00e-01,3.28e+00,4.64e-01,
1185,1.28e+00,4.00e-01,3.04e+00,4.40e-01,
1186,1.24e+00,8.00e-01,3.12e+00,4.56e-01,
1187,1.28e+00,4.00e-01,2.96e+00,4.32e-01,
1188,1.28e+00,4.00e-01,3.04e+00,4.40e-01,
1189,1.20e+00,8.00e-01,2.80e+00,4.08e-01,
1190,1.28e+00,8.00e-01,2.88e+00,4.08e-01,
1191,1.20e+00,4.00e-01,1.44e+00,2.16e-01,
1192,1.26e+00,8.00e-01,2.80e+00,4.00e-01,
1193,1.20e+00,4.00e-01,3.12e+00,4.40e-01,
1194,1.20e+00,8.00e-01,2.96e+00,4.32e-01,
1195,1.26e+00,4.00e-01,3.20e+00,4.56e-01,
1196,1.26e+00,8.00e-01,3.04e+00,4.48e-01,
1197,1.18e+00,4.00e-01,3.28e+00,4.80e-01,
1198,1.18e+00,8.00e-01,3.20e+00,4.56e-01,
1199,1.26e+00,4.00e-01,3.36e+00,4.88e-01,
